c1cac9fb-e81a-4f56-873a-17d33bc69745;160a3a47-ce50-43e4-bcdd-0bb4812dc6b8
c1cac9fb-e81a-4f56-873a-17d33bc69745;624bee0a-265e-4b01-ad8a-a099fa6b63af
c1cac9fb-e81a-4f56-873a-17d33bc69745;1b129323-d68b-4563-8cef-fd1c4587e38a
3645d5fe-f55c-42eb-ae49-1c801ad34a32;16aebcd1-8516-4ad3-a41f-02372799b142
3645d5fe-f55c-42eb-ae49-1c801ad34a32;34e71981-e5b1-4a81-898d-a5a0951475b2
f37ad329-501a-476f-a16b-2ed750fa4ee8;8b48b387-bd29-4b61-81db-6f232b09cda2
f37ad329-501a-476f-a16b-2ed750fa4ee8;8d401f5b-6ce4-4c3e-8587-baa1f25a992c
ba8a6a65-a9d9-41e5-8668-64c439f89833;b3c344cd-3789-4efe-a053-21f41126bf52
ba8a6a65-a9d9-41e5-8668-64c439f89833;83522779-039f-4b2e-a7ae-44765a4586f3
ba8a6a65-a9d9-41e5-8668-64c439f89833;5480ef47-9ccb-4a00-b609-9d2830e9fadb
138a0173-04bf-49e4-9b5e-a83ac03674ae;1017ecde-e0da-4abf-8c52-2b0702760606
138a0173-04bf-49e4-9b5e-a83ac03674ae;a3bd8d00-4e67-4c37-90f9-5783e120852a
138a0173-04bf-49e4-9b5e-a83ac03674ae;b53d8f7c-9302-4ff9-a688-e4e3057d63d2
8218a8aa-9404-4959-b6c0-c283b60f5c22;3339dddc-d829-425e-946c-603e91a6f61d
